EMPNO;ENAME;JOB;MGR;HIREDATE;SAL;COMM
7839;KING;PRESIDENT;;17/11/1981 00:00:00;5000;;10
7698;BLAKE;MANAGER;7839;01/05/1981 00:00:00;2850;;30
7782;CLARK;MANAGER;7839;09/06/1981 00:00:00;2450;;10
7566;JONES;MANAGER;7839;02/04/1981 00:00:00;2975;;20
7788;SCOTT;ANALYST;7566;13/07/0087 00:00:00;3000;;20
7902;FORD;ANALYST;7566;03/12/1981 00:00:00;3000;;20
7369;SMITH;CLERK;7902;17/12/1980 00:00:00;800;;20
7499;ALLEN;SALESMAN;7698;20/02/1981 00:00:00;1600;300;30
7521;WARD;SALESMAN;7698;22/02/1981 00:00:00;1250;500;30
7654;MARTIN;SALESMAN;7698;28/09/1981 00:00:00;1250;1400;30
7844;TURNER;SALESMAN;7698;08/09/1981 00:00:00;1500;0;30
7876;ADAMS;CLERK;7788;13/07/0087 00:00:00;1100;;20
7900;JAMES;CLERK;7698;03/12/1981 00:00:00;950;;30
7934;MILLER;CLERK;7782;23/01/1982 00:00:00;1300;;10
